{
    "loss": 0.5997790098190308,
    "accuracy": 0.5882353186607361
}