{
    "loss": 24.342388153076172,
    "accuracy": 0.5686274766921997
}