{
    "loss": 0.220698282122612,
    "accuracy": 0.9215686321258545
}